index,url,Adgangskvotienter,Uddannelse,ledighed_nyudd,maanedloen_nyudd,ledighed_10aar,maanedloen_10aar
0,www.ug.dk/uddannelser/bachelorogkandidatuddannelser/bacheloruddannelser/humanistiskebacheloruddannelser/sprog/amerikanske-studier,0.0,Amerikanske studier - Syddansk Universitet,28.0,23300.0,,
1,www.ug.dk/uddannelser/bachelorogkandidatuddannelser/bacheloruddannelser/tekniskvidenskabeligebacheloruddannelser/civilingenioeruddannelser/bioteknologi,0.0,Bioteknologi - Aalborg Universitet,23.0,31900.0,0.0,45150.0
2,www.ug.dk/uddannelser/bachelorogkandidatuddannelser/bacheloruddannelser/tekniskvidenskabeligebacheloruddannelser/civilingenioeruddannelser/byggeri,5.7,Byggeri - Aarhus Universitet,4.0,37600.0,0.0,52050.0
3,www.ug.dk/uddannelser/bachelorogkandidatuddannelser/bacheloruddannelser/tekniskvidenskabeligebacheloruddannelser/civilingenioeruddannelser/byggeteknologi,0.0,Byggeteknologi - Danmarks Tekniske Universitet,6.0,38300.0,1.0,50550.0
4,www.ug.dk/uddannelser/bachelorogkandidatuddannelser/bacheloruddannelser/tekniskvidenskabeligebacheloruddannelser/civilingenioeruddannelser/bygningsdesign,0.0,Bygningsdesign - Danmarks Tekniske Universitet,8.0,37650.0,,
5,www.ug.dk/uddannelser/bachelorogkandidatuddannelser/bacheloruddannelser/tekniskvidenskabeligebacheloruddannelser/civilingenioeruddannelser/computerteknologi,0.0,Computerteknologi - Aarhus Universitet,1.0,41250.0,1.0,54300.0
6,www.ug.dk/uddannelser/bachelorogkandidatuddannelser/bacheloruddannelser/tekniskvidenskabeligebacheloruddannelser/civilingenioeruddannelser/design-og-innovation,0.0,Design og innovation - Danmarks Tekniske Universitet,11.0,38100.0,,
7,www.ug.dk/uddannelser/bachelorogkandidatuddannelser/bacheloruddannelser/tekniskvidenskabeligebacheloruddannelser/civilingenioeruddannelser/elektroteknologi,0.0,Elektroteknologi - Danmarks Tekniske Universitet,2.0,40800.0,,
8,www.ug.dk/uddannelser/bachelorogkandidatuddannelser/bacheloruddannelser/tekniskvidenskabeligebacheloruddannelser/civilingenioeruddannelser/elektroteknologi,0.0,Elektroteknologi - Aarhus Universitet,1.0,40050.0,,
9,www.ug.dk/uddannelser/bachelorogkandidatuddannelser/bacheloruddannelser/tekniskvidenskabeligebacheloruddannelser/civilingenioeruddannelser/energisystemer,0.0,Energisystemer - Syddansk Universitet,,,,
10,www.ug.dk/uddannelser/bachelorogkandidatuddannelser/bacheloruddannelser/tekniskvidenskabeligebacheloruddannelser/civilingenioeruddannelser/energiteknologi,0.0,Energiteknologi - Syddansk Universitet,11.0,36600.0,,
11,www.ug.dk/uddannelser/bachelorogkandidatuddannelser/bacheloruddannelser/tekniskvidenskabeligebacheloruddannelser/civilingenioeruddannelser/engineering-innovation-and-business,0.0,"Engineering, Innovation and Business - Syddansk Universitet",2.0,37600.0,,
12,www.ug.dk/uddannelser/bachelorogkandidatuddannelser/bacheloruddannelser/tekniskvidenskabeligebacheloruddannelser/civilingenioeruddannelser/fysik-og-nanoteknologi,0.0,Fysik og nanoteknologi - Danmarks Tekniske Universitet,3.0,31600.0,0.0,58900.0
13,www.ug.dk/uddannelser/bachelorogkandidatuddannelser/bacheloruddannelser/tekniskvidenskabeligebacheloruddannelser/civilingenioeruddannelser/fysik-og-teknologi,7.2,Fysik og teknologi - Syddansk Universitet,11.0,35700.0,,
14,www.ug.dk/uddannelser/bachelorogkandidatuddannelser/bacheloruddannelser/tekniskvidenskabeligebacheloruddannelser/civilingenioeruddannelser/geofysik-og-rumteknologi,0.0,Geofysik og rumteknologi - Danmarks Tekniske Universitet,10.0,32300.0,,
15,www.ug.dk/uddannelser/bachelorogkandidatuddannelser/bacheloruddannelser/tekniskvidenskabeligebacheloruddannelser/civilingenioeruddannelser/kemi-og-bioteknologi,0.0,Kemi og bioteknologi - Syddansk Universitet,16.0,36100.0,0.0,50000.0
16,www.ug.dk/uddannelser/bachelorogkandidatuddannelser/bacheloruddannelser/tekniskvidenskabeligebacheloruddannelser/oevrigetekniskvidenskab/landinspektoervidenskab,0.0,Landinspektørvidenskab - Aalborg Universitet,8.0,41350.0,3.0,
20,www.ug.dk/uddannelser/bachelorogkandidatuddannelser/bacheloruddannelser/tekniskvidenskabeligebacheloruddannelser/civilingenioeruddannelser/matematik-teknologi,7.7,Matematik-teknologi - Aalborg Universitet,6.0,37500.0,,
21,www.ug.dk/uddannelser/bachelorogkandidatuddannelser/bacheloruddannelser/tekniskvidenskabeligebacheloruddannelser/civilingenioeruddannelser/medicin-og-teknologi,0.0,Medicin og teknologi - Danmarks Tekniske Universitet,4.0,37850.0,3.0,59000.0
22,www.ug.dk/uddannelser/bachelorogkandidatuddannelser/bacheloruddannelser/tekniskvidenskabeligebacheloruddannelser/civilingenioeruddannelser/mechatronics,0.0,Mechatronics - Syddansk Universitet,5.0,39500.0,,
23,www.ug.dk/uddannelser/bachelorogkandidatuddannelser/bacheloruddannelser/tekniskvidenskabeligebacheloruddannelser/civilingenioeruddannelser/miljoevidenskab,0.0,Miljøvidenskab - Aalborg Universitet,,,,
24,www.ug.dk/uddannelser/bachelorogkandidatuddannelser/bacheloruddannelser/tekniskvidenskabeligebacheloruddannelser/civilingenioeruddannelser/product-development-and-innovation,0.0,Product Development and Innovation - Syddansk Universitet,13.0,37750.0,0.0,47900.0
25,www.ug.dk/uddannelser/bachelorogkandidatuddannelser/bacheloruddannelser/tekniskvidenskabeligebacheloruddannelser/civilingenioeruddannelser/robotteknologi,0.0,Robotteknologi - Syddansk Universitet,1.0,39300.0,,
26,www.ug.dk/uddannelser/bachelorogkandidatuddannelser/bacheloruddannelser/tekniskvidenskabeligebacheloruddannelser/civilingenioeruddannelser/software,6.9,Software - Aalborg Universitet,2.0,41800.0,0.0,53900.0
28,www.ug.dk/uddannelser/bachelorogkandidatuddannelser/bacheloruddannelser/tekniskvidenskabeligebacheloruddannelser/civilingenioeruddannelser/software-engineering,7.6,Software Engineering - Syddansk Universitet,3.0,41700.0,,
29,www.ug.dk/uddannelser/bachelorogkandidatuddannelser/bacheloruddannelser/tekniskvidenskabeligebacheloruddannelser/civilingenioeruddannelser/spiludvikling-og-laeringsteknologi,6.5,Spiludvikling og læringsteknologi - Syddansk Universitet,26.0,33050.0,,
30,www.ug.dk/uddannelser/bachelorogkandidatuddannelser/bacheloruddannelser/tekniskvidenskabeligebacheloruddannelser/civilingenioeruddannelser/sundhedsteknologi,0.0,Sundhedsteknologi - Aalborg Universitet,4.0,37700.0,2.0,54900.0
31,www.ug.dk/uddannelser/bachelorogkandidatuddannelser/bacheloruddannelser/tekniskvidenskabeligebacheloruddannelser/civilingenioeruddannelser/sundheds-og-velfaerdsteknologi,0.0,Sundheds- og velfærdsteknologi - Syddansk Universitet,9.0,36850.0,,
32,www.ug.dk/uddannelser/bachelorogkandidatuddannelser/bacheloruddannelser/tekniskvidenskabeligebacheloruddannelser/civilingenioeruddannelser/miljoeteknologi,8.6,Miljøteknologi - Danmarks Tekniske Universitet,10.0,33700.0,2.0,52900.0
33,www.ug.dk/uddannelser/bachelorogkandidatuddannelser/bacheloruddannelser/humanistiskebacheloruddannelser/oevrigehumaniora/aestetik-og-kultur,0.0,Æstetik og kultur - Aarhus Universitet,38.0,26900.0,5.0,39800.0
34,www.ug.dk/uddannelser/bachelorogkandidatuddannelser/bacheloruddannelser/humanistiskebacheloruddannelser/oevrigehumaniora/anvendt-filosofi,0.0,Anvendt filosofi - Aalborg Universitet,33.0,28400.0,,
35,www.ug.dk/uddannelser/bachelorogkandidatuddannelser/bacheloruddannelser/humanistiskebacheloruddannelser/sprog/arabisk-og-islamstudier,0.0,Arabisk- og islamstudier - Aarhus Universitet,25.0,27800.0,,
36,www.ug.dk/uddannelser/bachelorogkandidatuddannelser/bacheloruddannelser/naturvidenskabeligebacheloruddannelser/oevrigenaturvidenskab/audiologi,8.8,Audiologi - Syddansk Universitet,5.0,33600.0,1.0,41700.0
37,www.ug.dk/uddannelser/bachelorogkandidatuddannelser/bacheloruddannelser/humanistiskebacheloruddannelser/oevrigehumaniora/audiologopaedi,8.1,Audiologopædi - Københavns Universitet,2.0,40000.0,2.0,44700.0
38,www.ug.dk/uddannelser/bachelorogkandidatuddannelser/bacheloruddannelser/humanistiskebacheloruddannelser/oevrigehumaniora/audiologopaedi,0.0,Audiologopædi - Syddansk Universitet,4.0,40950.0,1.0,41700.0
39,www.ug.dk/uddannelser/bachelorogkandidatuddannelser/bacheloruddannelser/humanistiskebacheloruddannelser/oevrigehumaniora/dansk,0.0,Dansk - Københavns Universitet,18.0,31850.0,4.0,45600.0
40,www.ug.dk/uddannelser/bachelorogkandidatuddannelser/bacheloruddannelser/humanistiskebacheloruddannelser/oevrigehumaniora/dansk,0.0,Dansk - Syddansk Universitet,28.0,26850.0,2.0,48400.0
41,www.ug.dk/uddannelser/bachelorogkandidatuddannelser/bacheloruddannelser/humanistiskebacheloruddannelser/oevrigehumaniora/dansk,6.0,Dansk - Aarhus Universitet,24.0,31400.0,3.0,43300.0
42,www.ug.dk/uddannelser/bachelorogkandidatuddannelser/bacheloruddannelser/humanistiskebacheloruddannelser/oevrigehumaniora/dansk,0.0,Dansk - Aalborg Universitet,26.0,29950.0,2.0,44550.0
43,www.ug.dk/uddannelser/bachelorogkandidatuddannelser/bacheloruddannelser/humanistiskebacheloruddannelser/oevrigehumaniora/dramaturgi,6.2,Dramaturgi - Aarhus Universitet,35.0,24000.0,13.0,36800.0
44,www.ug.dk/uddannelser/bachelorogkandidatuddannelser/bacheloruddannelser/humanistiskebacheloruddannelser/sprog/engelsk,0.0,Engelsk - Københavns Universitet,21.0,28600.0,4.0,44800.0
45,www.ug.dk/uddannelser/bachelorogkandidatuddannelser/bacheloruddannelser/humanistiskebacheloruddannelser/sprog/engelsk,0.0,Engelsk - Syddansk Universitet,41.0,30900.0,6.0,45950.0
47,www.ug.dk/uddannelser/bachelorogkandidatuddannelser/bacheloruddannelser/humanistiskebacheloruddannelser/sprog/engelsk,2.9,Engelsk - Aarhus Universitet,34.0,27400.0,6.0,43800.0
48,www.ug.dk/uddannelser/bachelorogkandidatuddannelser/bacheloruddannelser/humanistiskebacheloruddannelser/sprog/engelsk,0.0,Engelsk - Aalborg Universitet,39.0,31400.0,1.0,47550.0
49,www.ug.dk/uddannelser/bachelorogkandidatuddannelser/bacheloruddannelser/humanistiskebacheloruddannelser/oevrigehumaniora/europaeisk-etnologi,9.5,Europæisk etnologi - Københavns Universitet,36.0,30200.0,10.0,44200.0
50,www.ug.dk/uddannelser/bachelorogkandidatuddannelser/bacheloruddannelser/humanistiskebacheloruddannelser/oevrigehumaniora/film-og-medievidenskab,9.3,Film- og medievidenskab - Københavns Universitet,23.0,30700.0,4.0,42350.0
51,www.ug.dk/uddannelser/bachelorogkandidatuddannelser/bacheloruddannelser/humanistiskebacheloruddannelser/oevrigehumaniora/filosofi,0.0,Filosofi - Københavns Universitet,32.0,28700.0,8.0,39400.0
52,www.ug.dk/uddannelser/bachelorogkandidatuddannelser/bacheloruddannelser/humanistiskebacheloruddannelser/oevrigehumaniora/filosofi,6.0,Filosofi - Syddansk Universitet,36.0,24600.0,0.0,43700.0
53,www.ug.dk/uddannelser/bachelorogkandidatuddannelser/bacheloruddannelser/humanistiskebacheloruddannelser/oevrigehumaniora/filosofi,6.1,Filosofi - Aarhus Universitet,40.0,29300.0,7.0,43150.0
54,www.ug.dk/uddannelser/bachelorogkandidatuddannelser/bacheloruddannelser/humanistiskebacheloruddannelser/oevrigehumaniora/forhistorisk-arkaeologi,0.0,Forhistorisk arkæologi - Københavns Universitet,15.0,32300.0,3.0,40700.0
55,www.ug.dk/uddannelser/bachelorogkandidatuddannelser/bacheloruddannelser/humanistiskebacheloruddannelser/sprog/fransk-sprog-litteratur-og-kultur,0.0,"Fransk sprog, litteratur og kultur - Københavns Universitet",15.0,32700.0,2.0,40000.0
56,www.ug.dk/uddannelser/bachelorogkandidatuddannelser/bacheloruddannelser/humanistiskebacheloruddannelser/sprog/fransk-sprog-litteratur-og-kultur,7.3,"Fransk sprog, litteratur og kultur - Aarhus Universitet",36.0,28200.0,7.0,42800.0
57,www.ug.dk/uddannelser/bachelorogkandidatuddannelser/bacheloruddannelser/humanistiskebacheloruddannelser/sprog/groenlandske-og-arktiske-studier,6.9,Grønlandske og arktiske studier - Københavns Universitet,23.0,30150.0,4.0,
58,www.ug.dk/uddannelser/bachelorogkandidatuddannelser/bacheloruddannelser/humanistiskebacheloruddannelser/oevrigehumaniora/historie,0.0,Historie - Københavns Universitet,27.0,32100.0,3.0,46000.0
59,www.ug.dk/uddannelser/bachelorogkandidatuddannelser/bacheloruddannelser/humanistiskebacheloruddannelser/oevrigehumaniora/historie,7.7,Historie - Syddansk Universitet,31.0,32100.0,7.0,46400.0
61,www.ug.dk/uddannelser/bachelorogkandidatuddannelser/bacheloruddannelser/humanistiskebacheloruddannelser/oevrigehumaniora/historie,0.0,Historie - Aarhus Universitet,34.0,28500.0,4.0,46400.0
62,www.ug.dk/uddannelser/bachelorogkandidatuddannelser/bacheloruddannelser/humanistiskebacheloruddannelser/oevrigehumaniora/historie,0.0,Historie - Aalborg Universitet,40.0,28400.0,4.0,45300.0
63,www.ug.dk/uddannelser/bachelorogkandidatuddannelser/bacheloruddannelser/humanistiskebacheloruddannelser/oevrigehumaniora/idehistorie,0.0,Idéhistorie - Aarhus Universitet,36.0,24900.0,4.0,49600.0
64,www.ug.dk/uddannelser/bachelorogkandidatuddannelser/bacheloruddannelser/humanistiskebacheloruddannelser/sprog/indianske-sprog-og-kulturer,6.2,Indianske sprog og kulturer - Københavns Universitet,23.0,30150.0,4.0,44400.0
65,www.ug.dk/uddannelser/bachelorogkandidatuddannelser/bacheloruddannelser/humanistiskebacheloruddannelser/oevrigehumaniora/informationsvidenskab,0.0,Informationsvidenskab - Aarhus Universitet,17.0,34350.0,,
66,www.ug.dk/uddannelser/bachelorogkandidatuddannelser/bacheloruddannelser/humanistiskebacheloruddannelser/sprog/italiensk-sprog-og-kultur,0.0,Italiensk sprog og kultur - Københavns Universitet,8.0,30150.0,8.0,44400.0
67,www.ug.dk/uddannelser/bachelorogkandidatuddannelser/bacheloruddannelser/humanistiskebacheloruddannelser/oevrigehumaniora/klassisk-arkaeologi,7.9,Klassisk arkæologi - Københavns Universitet,30.0,31900.0,3.0,44450.0
68,www.ug.dk/uddannelser/bachelorogkandidatuddannelser/bacheloruddannelser/humanistiskebacheloruddannelser/oevrigehumaniora/klassisk-arkaeologi,6.1,Klassisk arkæologi - Aarhus Universitet,37.0,31400.0,5.0,43900.0
69,www.ug.dk/uddannelser/bachelorogkandidatuddannelser/bacheloruddannelser/humanistiskebacheloruddannelser/sprog/klassisk-filologi,0.0,Klassisk filologi - Aarhus Universitet,25.0,27800.0,,
70,www.ug.dk/uddannelser/bachelorogkandidatuddannelser/bacheloruddannelser/humanistiskebacheloruddannelser/oevrigehumaniora/kommunikation-og-it,7.0,Kommunikation og it - Københavns Universitet,7.0,36550.0,,
71,www.ug.dk/uddannelser/bachelorogkandidatuddannelser/bacheloruddannelser/humanistiskebacheloruddannelser/oevrigehumaniora/kunsthistorie,9.3,Kunsthistorie - Københavns Universitet,34.0,25500.0,5.0,39000.0
72,www.ug.dk/uddannelser/bachelorogkandidatuddannelser/bacheloruddannelser/humanistiskebacheloruddannelser/oevrigehumaniora/kunsthistorie,6.9,Kunsthistorie - Aarhus Universitet,40.0,22900.0,4.0,40600.0
73,www.ug.dk/uddannelser/bachelorogkandidatuddannelser/bacheloruddannelser/humanistiskebacheloruddannelser/sprog/latin,0.0,Latin - Københavns Universitet,23.0,30150.0,,
74,www.ug.dk/uddannelser/bachelorogkandidatuddannelser/bacheloruddannelser/humanistiskebacheloruddannelser/sprog/lingvistik,9.3,Lingvistik - Københavns Universitet,22.0,32100.0,5.0,41900.0
75,www.ug.dk/uddannelser/bachelorogkandidatuddannelser/bacheloruddannelser/humanistiskebacheloruddannelser/sprog/lingvistik,7.0,Lingvistik - Aarhus Universitet,19.0,30700.0,1.0,41900.0
76,www.ug.dk/uddannelser/bachelorogkandidatuddannelser/bacheloruddannelser/humanistiskebacheloruddannelser/oevrigehumaniora/litteraturvidenskab,9.2,Litteraturvidenskab - Københavns Universitet,28.0,25600.0,6.0,41650.0
77,www.ug.dk/uddannelser/bachelorogkandidatuddannelser/bacheloruddannelser/humanistiskebacheloruddannelser/oevrigehumaniora/litteraturvidenskab,0.0,Litteraturvidenskab - Syddansk Universitet,33.0,22900.0,3.0,42700.0
78,www.ug.dk/uddannelser/bachelorogkandidatuddannelser/bacheloruddannelser/humanistiskebacheloruddannelser/oevrigehumaniora/litteraturvidenskab,8.6,Litteraturvidenskab - Aarhus Universitet,43.0,23500.0,5.0,36400.0
79,www.ug.dk/uddannelser/bachelorogkandidatuddannelser/bacheloruddannelser/humanistiskebacheloruddannelser/oevrigehumaniora/medievidenskab,7.6,Medievidenskab - Syddansk Universitet,32.0,27200.0,8.0,44800.0
80,www.ug.dk/uddannelser/bachelorogkandidatuddannelser/bacheloruddannelser/humanistiskebacheloruddannelser/oevrigehumaniora/medievidenskab,9.0,Medievidenskab - Aarhus Universitet,21.0,30200.0,3.0,44050.0
81,www.ug.dk/uddannelser/bachelorogkandidatuddannelser/bacheloruddannelser/humanistiskebacheloruddannelser/oevrigehumaniora/arkaeologi,6.6,Arkæologi - Aarhus Universitet,29.0,32400.0,3.0,41300.0
82,www.ug.dk/uddannelser/bachelorogkandidatuddannelser/bacheloruddannelser/humanistiskebacheloruddannelser/oevrigehumaniora/musikvidenskab,0.0,Musikvidenskab - Københavns Universitet,25.0,26300.0,5.0,42300.0
83,www.ug.dk/uddannelser/bachelorogkandidatuddannelser/bacheloruddannelser/humanistiskebacheloruddannelser/oevrigehumaniora/musikvidenskab,0.0,Musikvidenskab - Aarhus Universitet,19.0,24650.0,3.0,39550.0
84,www.ug.dk/uddannelser/bachelorogkandidatuddannelser/bacheloruddannelser/humanistiskebacheloruddannelser/oevrigehumaniora/musikvidenskab,0.0,Musikvidenskab - Aalborg Universitet,28.0,23450.0,2.0,45000.0
85,www.ug.dk/uddannelser/bachelorogkandidatuddannelser/bacheloruddannelser/humanistiskebacheloruddannelser/oevrigehumaniora/musikterapi,0.0,Musikterapi - Aalborg Universitet,7.0,25300.0,5.0,41100.0
86,www.ug.dk/uddannelser/bachelorogkandidatuddannelser/bacheloruddannelser/humanistiskebacheloruddannelser/sprog/oesteuropastudier,0.0,Østeuropastudier - Københavns Universitet,23.0,30150.0,4.0,44750.0
87,www.ug.dk/uddannelser/bachelorogkandidatuddannelser/bacheloruddannelser/humanistiskebacheloruddannelser/oevrigehumaniora/oldtidskundskab,0.0,Oldtidskundskab - Syddansk Universitet,43.0,26700.0,,
88,www.ug.dk/uddannelser/bachelorogkandidatuddannelser/bacheloruddannelser/humanistiskebacheloruddannelser/oevrigehumaniora/paedagogik,8.8,Pædagogik - Københavns Universitet,15.0,33300.0,3.0,45800.0
89,www.ug.dk/uddannelser/bachelorogkandidatuddannelser/bacheloruddannelser/humanistiskebacheloruddannelser/oevrigehumaniora/religionsvidenskab,0.0,Religionsvidenskab - Københavns Universitet,27.0,27400.0,3.0,42900.0
90,www.ug.dk/uddannelser/bachelorogkandidatuddannelser/bacheloruddannelser/humanistiskebacheloruddannelser/oevrigehumaniora/religionsvidenskab,0.0,Religionsvidenskab - Syddansk Universitet,40.0,26900.0,4.0,44500.0
91,www.ug.dk/uddannelser/bachelorogkandidatuddannelser/bacheloruddannelser/humanistiskebacheloruddannelser/oevrigehumaniora/religionsvidenskab,0.0,Religionsvidenskab - Aarhus Universitet,35.0,28700.0,3.0,43050.0
92,www.ug.dk/uddannelser/bachelorogkandidatuddannelser/bacheloruddannelser/humanistiskebacheloruddannelser/oevrigehumaniora/retorik,8.9,Retorik - Københavns Universitet,22.0,32200.0,2.0,46300.0
93,www.ug.dk/uddannelser/bachelorogkandidatuddannelser/bacheloruddannelser/humanistiskebacheloruddannelser/sprog/spansk-sprog-og-kultur,6.0,Spansk sprog og kultur - Københavns Universitet,26.0,33850.0,0.0,44200.0
94,www.ug.dk/uddannelser/bachelorogkandidatuddannelser/bacheloruddannelser/humanistiskebacheloruddannelser/sprog/spansk-sprog-og-kultur,0.0,Spansk sprog og kultur - Aarhus Universitet,18.0,33700.0,8.0,41800.0
95,www.ug.dk/uddannelser/bachelorogkandidatuddannelser/bacheloruddannelser/humanistiskebacheloruddannelser/oevrigehumaniora/teater-og-performancestudier,7.9,Teater- og performancestudier - Københavns Universitet,26.0,28350.0,8.0,41650.0
96,www.ug.dk/uddannelser/bachelorogkandidatuddannelser/bacheloruddannelser/teologiskbacheloruddannelse/teologi,0.0,Teologi - Københavns Universitet,21.0,29000.0,4.0,37150.0
97,www.ug.dk/uddannelser/bachelorogkandidatuddannelser/bacheloruddannelser/teologiskbacheloruddannelse/teologi,0.0,Teologi - Aarhus Universitet,25.0,31400.0,5.0,37850.0
98,www.ug.dk/uddannelser/bachelorogkandidatuddannelser/bacheloruddannelser/humanistiskebacheloruddannelser/sprog/tysk,0.0,Tysk - Københavns Universitet,11.0,30400.0,0.0,45700.0
99,www.ug.dk/uddannelser/bachelorogkandidatuddannelser/bacheloruddannelser/humanistiskebacheloruddannelser/sprog/tysk,0.0,Tysk - Syddansk Universitet,20.0,29850.0,8.0,45500.0
100,www.ug.dk/uddannelser/bachelorogkandidatuddannelser/bacheloruddannelser/humanistiskebacheloruddannelser/sprog/tysk,0.0,Tysk - Aarhus Universitet,23.0,29650.0,0.0,46200.0
101,www.ug.dk/uddannelser/bachelorogkandidatuddannelser/bacheloruddannelser/naturvidenskabeligebacheloruddannelser/matematikfysikkemiogdatalogi/anvendt-matematik,0.0,Anvendt matematik - Syddansk Universitet,9.0,31900.0,,
102,www.ug.dk/uddannelser/bachelorogkandidatuddannelser/bacheloruddannelser/naturvidenskabeligebacheloruddannelser/matematikfysikkemiogdatalogi/biokemi,7.7,Biokemi - Københavns Universitet,15.0,33800.0,3.0,48300.0
103,www.ug.dk/uddannelser/bachelorogkandidatuddannelser/bacheloruddannelser/naturvidenskabeligebacheloruddannelser/biologigeografigeologimv/biologi,7.3,Biologi - Københavns Universitet,26.0,32000.0,3.0,44300.0
104,www.ug.dk/uddannelser/bachelorogkandidatuddannelser/bacheloruddannelser/naturvidenskabeligebacheloruddannelser/biologigeografigeologimv/biologi,0.0,Biologi - Syddansk Universitet,29.0,28500.0,3.0,45200.0
105,www.ug.dk/uddannelser/bachelorogkandidatuddannelser/bacheloruddannelser/naturvidenskabeligebacheloruddannelser/biologigeografigeologimv/biologi,7.0,Biologi - Aarhus Universitet,30.0,31400.0,3.0,44600.0
106,www.ug.dk/uddannelser/bachelorogkandidatuddannelser/bacheloruddannelser/naturvidenskabeligebacheloruddannelser/biologigeografigeologimv/biologi,7.4,Biologi - Aalborg Universitet,34.0,31900.0,,
107,www.ug.dk/uddannelser/bachelorogkandidatuddannelser/bacheloruddannelser/naturvidenskabeligebacheloruddannelser/biologigeografigeologimv/biomedicin,0.0,Biomedicin - Syddansk Universitet,18.0,32950.0,4.0,45300.0
108,www.ug.dk/uddannelser/bachelorogkandidatuddannelser/bacheloruddannelser/naturvidenskabeligebacheloruddannelser/biologigeografigeologimv/bioteknologi-paa-ku,6.9,Bioteknologi på KU - Københavns Universitet,17.0,33600.0,,
109,www.ug.dk/uddannelser/bachelorogkandidatuddannelser/bacheloruddannelser/naturvidenskabeligebacheloruddannelser/matematikfysikkemiogdatalogi/datalogi,6.0,Datalogi - Københavns Universitet,2.0,42400.0,1.0,62950.0
110,www.ug.dk/uddannelser/bachelorogkandidatuddannelser/bacheloruddannelser/naturvidenskabeligebacheloruddannelser/matematikfysikkemiogdatalogi/datalogi,0.0,Datalogi - Syddansk Universitet,8.0,37800.0,2.0,50900.0
111,www.ug.dk/uddannelser/bachelorogkandidatuddannelser/bacheloruddannelser/naturvidenskabeligebacheloruddannelser/matematikfysikkemiogdatalogi/datalogi,0.0,Datalogi - Aarhus Universitet,1.0,41000.0,1.0,54600.0
112,www.ug.dk/uddannelser/bachelorogkandidatuddannelser/bacheloruddannelser/naturvidenskabeligebacheloruddannelser/matematikfysikkemiogdatalogi/datalogi,0.0,Datalogi - Aalborg Universitet,5.0,41150.0,0.0,54200.0
113,www.ug.dk/uddannelser/bachelorogkandidatuddannelser/bacheloruddannelser/naturvidenskabeligebacheloruddannelser/matematikfysikkemiogdatalogi/data-science,8.8,Data Science - IT-Universitetet i København,,,,
114,www.ug.dk/uddannelser/bachelorogkandidatuddannelser/bacheloruddannelser/naturvidenskabeligebacheloruddannelser/matematikfysikkemiogdatalogi/datavidenskab,0.0,Datavidenskab - Aarhus Universitet,,,,
115,www.ug.dk/uddannelser/bachelorogkandidatuddannelser/bacheloruddannelser/naturvidenskabeligebacheloruddannelser/matematikfysikkemiogdatalogi/digital-design-og-interaktive-teknologier,10.8,Digital design og interaktive teknologier - IT-Universitetet i København,13.0,35500.0,2.0,49900.0
116,www.ug.dk/uddannelser/bachelorogkandidatuddannelser/bacheloruddannelser/naturvidenskabeligebacheloruddannelser/matematikfysikkemiogdatalogi/forsikringsmatematik,0.0,Forsikringsmatematik - Københavns Universitet,1.0,50400.0,0.0,77700.0
117,www.ug.dk/uddannelser/bachelorogkandidatuddannelser/bacheloruddannelser/naturvidenskabeligebacheloruddannelser/matematikfysikkemiogdatalogi/fysik,0.0,Fysik - Københavns Universitet,6.0,35150.0,2.0,48700.0
118,www.ug.dk/uddannelser/bachelorogkandidatuddannelser/bacheloruddannelser/naturvidenskabeligebacheloruddannelser/matematikfysikkemiogdatalogi/fysik,0.0,Fysik - Syddansk Universitet,13.0,33350.0,2.0,48200.0
119,www.ug.dk/uddannelser/bachelorogkandidatuddannelser/bacheloruddannelser/naturvidenskabeligebacheloruddannelser/matematikfysikkemiogdatalogi/fysik,6.3,Fysik - Aarhus Universitet,7.0,33700.0,1.0,52900.0
120,www.ug.dk/uddannelser/bachelorogkandidatuddannelser/bacheloruddannelser/naturvidenskabeligebacheloruddannelser/matematikfysikkemiogdatalogi/fysik,0.0,Fysik - Aalborg Universitet,11.0,33950.0,2.0,46400.0
121,www.ug.dk/uddannelser/bachelorogkandidatuddannelser/bacheloruddannelser/naturvidenskabeligebacheloruddannelser/biologigeografigeologimv/geografi,0.0,Geografi - Københavns Universitet,16.0,33300.0,5.0,46300.0
122,www.ug.dk/uddannelser/bachelorogkandidatuddannelser/bacheloruddannelser/naturvidenskabeligebacheloruddannelser/biologigeografigeologimv/geografi,7.9,Geografi - Aalborg Universitet,16.0,33950.0,5.0,37800.0
123,www.ug.dk/uddannelser/bachelorogkandidatuddannelser/bacheloruddannelser/naturvidenskabeligebacheloruddannelser/biologigeografigeologimv/husdyrvidenskab,0.0,Husdyrvidenskab - Københavns Universitet,13.0,31800.0,,
124,www.ug.dk/uddannelser/bachelorogkandidatuddannelser/bacheloruddannelser/naturvidenskabeligebacheloruddannelser/oevrigenaturvidenskab/idraet,0.0,Idræt - Københavns Universitet,13.0,31200.0,2.0,48100.0
125,www.ug.dk/uddannelser/bachelorogkandidatuddannelser/bacheloruddannelser/naturvidenskabeligebacheloruddannelser/oevrigenaturvidenskab/idraet,7.1,Idræt - Syddansk Universitet,17.0,31700.0,3.0,47900.0
126,www.ug.dk/uddannelser/bachelorogkandidatuddannelser/bacheloruddannelser/naturvidenskabeligebacheloruddannelser/oevrigenaturvidenskab/idraet,6.9,Idræt - Aarhus Universitet,18.0,30600.0,4.0,45900.0
127,www.ug.dk/uddannelser/bachelorogkandidatuddannelser/bacheloruddannelser/naturvidenskabeligebacheloruddannelser/oevrigenaturvidenskab/idraet,8.3,Idræt - Aalborg Universitet,24.0,31100.0,,46400.0
128,www.ug.dk/uddannelser/bachelorogkandidatuddannelser/bacheloruddannelser/naturvidenskabeligebacheloruddannelser/oevrigenaturvidenskab/interaktionsdesign,0.0,Interaktionsdesign - Aalborg Universitet,31.0,,,
129,www.ug.dk/uddannelser/bachelorogkandidatuddannelser/bacheloruddannelser/naturvidenskabeligebacheloruddannelser/matematikfysikkemiogdatalogi/it-produktudvikling,0.0,It-produktudvikling - Aarhus Universitet,15.0,38200.0,,
130,www.ug.dk/uddannelser/bachelorogkandidatuddannelser/bacheloruddannelser/naturvidenskabeligebacheloruddannelser/biologigeografigeologimv/agrobiologi,0.0,Agrobiologi - Aarhus Universitet,13.0,32000.0,,
131,www.ug.dk/uddannelser/bachelorogkandidatuddannelser/bacheloruddannelser/naturvidenskabeligebacheloruddannelser/matematikfysikkemiogdatalogi/kemi,0.0,Kemi - Københavns Universitet,10.0,32000.0,2.0,52000.0
132,www.ug.dk/uddannelser/bachelorogkandidatuddannelser/bacheloruddannelser/naturvidenskabeligebacheloruddannelser/matematikfysikkemiogdatalogi/kemi,0.0,Kemi - Syddansk Universitet,22.0,32300.0,0.0,50800.0
133,www.ug.dk/uddannelser/bachelorogkandidatuddannelser/bacheloruddannelser/naturvidenskabeligebacheloruddannelser/matematikfysikkemiogdatalogi/kemi,0.0,Kemi - Aarhus Universitet,19.0,31800.0,,
134,www.ug.dk/uddannelser/bachelorogkandidatuddannelser/bacheloruddannelser/naturvidenskabeligebacheloruddannelser/matematikfysikkemiogdatalogi/kemi,8.9,Kemi - Aalborg Universitet,17.0,33950.0,,
135,www.ug.dk/uddannelser/bachelorogkandidatuddannelser/bacheloruddannelser/naturvidenskabeligebacheloruddannelser/oevrigenaturvidenskab/landskabsarkitektur,0.0,Landskabsarkitektur - Københavns Universitet,17.0,33900.0,2.0,
137,www.ug.dk/uddannelser/bachelorogkandidatuddannelser/bacheloruddannelser/naturvidenskabeligebacheloruddannelser/matematikfysikkemiogdatalogi/matematik,0.0,Matematik - Københavns Universitet,5.0,38750.0,1.0,51500.0
138,www.ug.dk/uddannelser/bachelorogkandidatuddannelser/bacheloruddannelser/naturvidenskabeligebacheloruddannelser/matematikfysikkemiogdatalogi/matematik,9.9,Matematik - Syddansk Universitet,0.0,33300.0,0.0,50500.0
139,www.ug.dk/uddannelser/bachelorogkandidatuddannelser/bacheloruddannelser/naturvidenskabeligebacheloruddannelser/matematikfysikkemiogdatalogi/matematik,0.0,Matematik - Aarhus Universitet,5.0,35550.0,1.0,50500.0
140,www.ug.dk/uddannelser/bachelorogkandidatuddannelser/bacheloruddannelser/naturvidenskabeligebacheloruddannelser/matematikfysikkemiogdatalogi/matematik,7.3,Matematik - Aalborg Universitet,3.0,33750.0,3.0,51550.0
141,www.ug.dk/uddannelser/bachelorogkandidatuddannelser/bacheloruddannelser/naturvidenskabeligebacheloruddannelser/matematikfysikkemiogdatalogi/matematik-oekonomi,0.0,Matematik-økonomi - Københavns Universitet,3.0,48000.0,0.0,63900.0
142,www.ug.dk/uddannelser/bachelorogkandidatuddannelser/bacheloruddannelser/naturvidenskabeligebacheloruddannelser/matematikfysikkemiogdatalogi/matematik-oekonomi,0.0,Matematik-økonomi - Syddansk Universitet,2.0,44850.0,0.0,64400.0
143,www.ug.dk/uddannelser/bachelorogkandidatuddannelser/bacheloruddannelser/naturvidenskabeligebacheloruddannelser/matematikfysikkemiogdatalogi/matematik-oekonomi,0.0,Matematik-økonomi - Aarhus Universitet,5.0,42100.0,1.0,51000.0
144,www.ug.dk/uddannelser/bachelorogkandidatuddannelser/bacheloruddannelser/naturvidenskabeligebacheloruddannelser/matematikfysikkemiogdatalogi/matematik-oekonomi,7.9,Matematik-økonomi - Aalborg Universitet,6.0,37400.0,,
145,www.ug.dk/uddannelser/bachelorogkandidatuddannelser/bacheloruddannelser/naturvidenskabeligebacheloruddannelser/matematikfysikkemiogdatalogi/medicinalkemi,7.6,Medicinalkemi - Københavns Universitet,5.0,34050.0,,
146,www.ug.dk/uddannelser/bachelorogkandidatuddannelser/bacheloruddannelser/naturvidenskabeligebacheloruddannelser/matematikfysikkemiogdatalogi/medicinalkemi,9.6,Medicinalkemi - Aarhus Universitet,16.0,33500.0,,
147,www.ug.dk/uddannelser/bachelorogkandidatuddannelser/bacheloruddannelser/naturvidenskabeligebacheloruddannelser/biologigeografigeologimv/molekylaer-biomedicin,0.0,Molekylær biomedicin - Københavns Universitet,7.0,33700.0,,
148,www.ug.dk/uddannelser/bachelorogkandidatuddannelser/bacheloruddannelser/naturvidenskabeligebacheloruddannelser/biologigeografigeologimv/molekylaer-medicin,0.0,Molekylær medicin - Aarhus Universitet,,,,
149,www.ug.dk/uddannelser/bachelorogkandidatuddannelser/bacheloruddannelser/naturvidenskabeligebacheloruddannelser/matematikfysikkemiogdatalogi/nanoscience,7.9,Nanoscience - Københavns Universitet,9.0,32300.0,1.0,54300.0
150,www.ug.dk/uddannelser/bachelorogkandidatuddannelser/bacheloruddannelser/naturvidenskabeligebacheloruddannelser/matematikfysikkemiogdatalogi/nanoscience,0.0,Nanoscience - Aarhus Universitet,14.0,31500.0,1.0,51000.0
151,www.ug.dk/uddannelser/bachelorogkandidatuddannelser/bacheloruddannelser/sundhedsvidenskabeligebacheloruddannelser/sundhed-og-informatik,0.0,Sundhed og informatik - Københavns Universitet,9.0,37650.0,,
152,www.ug.dk/uddannelser/bachelorogkandidatuddannelser/bacheloruddannelser/sundhedsvidenskabeligebacheloruddannelser/veterinaermedicin,0.0,Veterinærmedicin - Københavns Universitet,6.0,36450.0,,
153,www.ug.dk/uddannelser/bachelorogkandidatuddannelser/bacheloruddannelser/samfundsvidenskabeligebacheloruddannelser/oevrigesamfundsvidenskab/antropologi,9.7,Antropologi - Københavns Universitet,21.0,32700.0,4.0,43300.0
154,www.ug.dk/uddannelser/bachelorogkandidatuddannelser/bacheloruddannelser/samfundsvidenskabeligebacheloruddannelser/oevrigesamfundsvidenskab/antropologi,0.0,Antropologi - Aarhus Universitet,27.0,29500.0,6.0,43500.0
155,www.ug.dk/uddannelser/bachelorogkandidatuddannelser/bacheloruddannelser/samfundsvidenskabeligebacheloruddannelser/erhvervsoekonomi/international-business-and-politics,11.1,International Business and Politics - Copenhagen Business School - Handelshøjskolen,8.0,38500.0,2.0,60300.0
156,www.ug.dk/uddannelser/bachelorogkandidatuddannelser/bacheloruddannelser/samfundsvidenskabeligebacheloruddannelser/erhvervsoekonomi/business-language-and-culture,7.3,"Business, Language and Culture - Copenhagen Business School - Handelshøjskolen",10.0,35400.0,3.0,44800.0
157,www.ug.dk/uddannelser/bachelorogkandidatuddannelser/bacheloruddannelser/samfundsvidenskabeligebacheloruddannelser/erhvervsoekonomi/erhvervsoekonomi-og-filosofi,7.4,Erhvervsøkonomi og filosofi - Copenhagen Business School - Handelshøjskolen,18.0,34200.0,6.0,52050.0
158,www.ug.dk/uddannelser/bachelorogkandidatuddannelser/bacheloruddannelser/samfundsvidenskabeligebacheloruddannelser/erhvervsoekonomi/erhvervsoekonomi-og-erhvervsjura,7.4,Erhvervsøkonomi og erhvervsjura - Copenhagen Business School - Handelshøjskolen,5.0,39700.0,2.0,57050.0
159,www.ug.dk/uddannelser/bachelorogkandidatuddannelser/bacheloruddannelser/samfundsvidenskabeligebacheloruddannelser/erhvervsoekonomi/erhvervsoekonomi-og-erhvervsjura,7.4,Erhvervsøkonomi og erhvervsjura - Syddansk Universitet,8.0,35700.0,1.0,52850.0
160,www.ug.dk/uddannelser/bachelorogkandidatuddannelser/bacheloruddannelser/samfundsvidenskabeligebacheloruddannelser/erhvervsoekonomi/erhvervsoekonomi-og-erhvervsjura,7.3,Erhvervsøkonomi og erhvervsjura - Aarhus Universitet,3.0,36100.0,2.0,54500.0
161,www.ug.dk/uddannelser/bachelorogkandidatuddannelser/bacheloruddannelser/samfundsvidenskabeligebacheloruddannelser/erhvervsoekonomi/erhvervsoekonomi-og-erhvervsjura,0.0,Erhvervsøkonomi og erhvervsjura - Aalborg Universitet,6.0,34550.0,1.0,48750.0
162,www.ug.dk/uddannelser/bachelorogkandidatuddannelser/bacheloruddannelser/samfundsvidenskabeligebacheloruddannelser/erhvervsoekonomi/erhvervsoekonomi-og-virksomhedskommunikation,9.0,Erhvervsøkonomi og virksomhedskommunikation - Copenhagen Business School - Handelshøjskolen,9.0,34400.0,3.0,50600.0
163,www.ug.dk/uddannelser/bachelorogkandidatuddannelser/bacheloruddannelser/samfundsvidenskabeligebacheloruddannelser/erhvervsoekonomi/erhvervsoekonomi-og-matematik,8.2,Erhvervsøkonomi og matematik - Copenhagen Business School - Handelshøjskolen,2.0,45400.0,0.0,67800.0
164,www.ug.dk/uddannelser/bachelorogkandidatuddannelser/bacheloruddannelser/samfundsvidenskabeligebacheloruddannelser/erhvervsoekonomi/erhvervsoekonomi-og-psykologi,9.6,Erhvervsøkonomi og psykologi - Copenhagen Business School - Handelshøjskolen,10.0,38100.0,1.0,58650.0
165,www.ug.dk/uddannelser/bachelorogkandidatuddannelser/bacheloruddannelser/samfundsvidenskabeligebacheloruddannelser/forvaltningmv/jura,8.3,Jura - Københavns Universitet,3.0,39600.0,1.0,54700.0
166,www.ug.dk/uddannelser/bachelorogkandidatuddannelser/bacheloruddannelser/samfundsvidenskabeligebacheloruddannelser/forvaltningmv/jura,8.7,Jura - Syddansk Universitet,4.0,36050.0,1.0,50900.0
167,www.ug.dk/uddannelser/bachelorogkandidatuddannelser/bacheloruddannelser/samfundsvidenskabeligebacheloruddannelser/forvaltningmv/jura,8.2,Jura - Aarhus Universitet,3.0,37000.0,0.0,53200.0
168,www.ug.dk/uddannelser/bachelorogkandidatuddannelser/bacheloruddannelser/samfundsvidenskabeligebacheloruddannelser/forvaltningmv/jura,0.0,Jura - Aalborg Universitet,3.0,36200.0,,
169,www.ug.dk/uddannelser/bachelorogkandidatuddannelser/bacheloruddannelser/samfundsvidenskabeligebacheloruddannelser/erhvervsoekonomi/erhvervsoekonomi-erhvervssprog-negot,0.0,"Erhvervsøkonomi - erhvervssprog, negot. - Syddansk Universitet",21.0,31650.0,5.0,45150.0
170,www.ug.dk/uddannelser/bachelorogkandidatuddannelser/bacheloruddannelser/samfundsvidenskabeligebacheloruddannelser/erhvervsoekonomi/oekonomi,0.0,Økonomi - Københavns Universitet,2.0,42300.0,1.0,61200.0
171,www.ug.dk/uddannelser/bachelorogkandidatuddannelser/bacheloruddannelser/samfundsvidenskabeligebacheloruddannelser/erhvervsoekonomi/oekonomi,0.0,Økonomi - Syddansk Universitet,8.0,36300.0,0.0,57400.0
172,www.ug.dk/uddannelser/bachelorogkandidatuddannelser/bacheloruddannelser/samfundsvidenskabeligebacheloruddannelser/erhvervsoekonomi/oekonomi,0.0,Økonomi - Aarhus Universitet,3.0,40100.0,1.0,61200.0
173,www.ug.dk/uddannelser/bachelorogkandidatuddannelser/bacheloruddannelser/samfundsvidenskabeligebacheloruddannelser/erhvervsoekonomi/oekonomi,0.0,Økonomi - Aalborg Universitet,8.0,36300.0,4.0,49500.0
174,www.ug.dk/uddannelser/bachelorogkandidatuddannelser/bacheloruddannelser/samfundsvidenskabeligebacheloruddannelser/forvaltningmv/politik-og-administration,11.0,Politik og administration - Aalborg Universitet,22.0,34400.0,,
175,www.ug.dk/uddannelser/bachelorogkandidatuddannelser/bacheloruddannelser/samfundsvidenskabeligebacheloruddannelser/oevrigesamfundsvidenskab/psykologi,10.5,Psykologi - Københavns Universitet,9.0,33400.0,1.0,46500.0
176,www.ug.dk/uddannelser/bachelorogkandidatuddannelser/bacheloruddannelser/samfundsvidenskabeligebacheloruddannelser/oevrigesamfundsvidenskab/psykologi,10.1,Psykologi - Syddansk Universitet,10.0,32100.0,,
177,www.ug.dk/uddannelser/bachelorogkandidatuddannelser/bacheloruddannelser/samfundsvidenskabeligebacheloruddannelser/oevrigesamfundsvidenskab/psykologi,10.5,Psykologi - Aarhus Universitet,11.0,32100.0,1.0,45600.0
178,www.ug.dk/uddannelser/bachelorogkandidatuddannelser/bacheloruddannelser/samfundsvidenskabeligebacheloruddannelser/oevrigesamfundsvidenskab/psykologi,0.0,Psykologi - Aalborg Universitet,16.0,33200.0,1.0,45250.0
179,www.ug.dk/uddannelser/bachelorogkandidatuddannelser/bacheloruddannelser/samfundsvidenskabeligebacheloruddannelser/forvaltningmv/samfundsfag,0.0,Samfundsfag - Københavns Universitet,16.0,36050.0,2.0,55550.0
180,www.ug.dk/uddannelser/bachelorogkandidatuddannelser/bacheloruddannelser/samfundsvidenskabeligebacheloruddannelser/forvaltningmv/samfundsfag,8.2,Samfundsfag - Syddansk Universitet,29.0,35600.0,1.0,52700.0
181,www.ug.dk/uddannelser/bachelorogkandidatuddannelser/bacheloruddannelser/samfundsvidenskabeligebacheloruddannelser/forvaltningmv/samfundsfag,9.6,Samfundsfag - Aarhus Universitet,16.0,33050.0,1.0,52300.0
182,www.ug.dk/uddannelser/bachelorogkandidatuddannelser/bacheloruddannelser/samfundsvidenskabeligebacheloruddannelser/forvaltningmv/samfundsfag,0.0,Samfundsfag - Aalborg Universitet,20.0,27800.0,3.0,48300.0
183,www.ug.dk/uddannelser/bachelorogkandidatuddannelser/bacheloruddannelser/samfundsvidenskabeligebacheloruddannelser/forvaltningmv/sociologi,9.9,Sociologi - Københavns Universitet,10.0,34050.0,3.0,47350.0
184,www.ug.dk/uddannelser/bachelorogkandidatuddannelser/bacheloruddannelser/samfundsvidenskabeligebacheloruddannelser/forvaltningmv/sociologi,0.0,Sociologi - Aalborg Universitet,30.0,32900.0,4.0,44500.0
185,www.ug.dk/uddannelser/bachelorogkandidatuddannelser/bacheloruddannelser/samfundsvidenskabeligebacheloruddannelser/forvaltningmv/statskundskab,0.0,Statskundskab - Københavns Universitet,5.0,36900.0,2.0,55550.0
186,www.ug.dk/uddannelser/bachelorogkandidatuddannelser/bacheloruddannelser/samfundsvidenskabeligebacheloruddannelser/forvaltningmv/statskundskab,9.2,Statskundskab - Syddansk Universitet,13.0,35200.0,1.0,52700.0
187,www.ug.dk/uddannelser/bachelorogkandidatuddannelser/bacheloruddannelser/samfundsvidenskabeligebacheloruddannelser/forvaltningmv/statskundskab,10.2,Statskundskab - Aarhus Universitet,8.0,36000.0,1.0,52350.0
188,www.ug.dk/uddannelser/bachelorogkandidatuddannelser/bacheloruddannelser/samfundsvidenskabeligebacheloruddannelser/oevrigesamfundsvidenskab/uddannelsesvidenskab,7.6,Uddannelsesvidenskab - Aarhus Universitet,17.0,34900.0,,
192,www.ug.dk/uddannelser/bachelorogkandidatuddannelser/bacheloruddannelser/sundhedsvidenskabeligebacheloruddannelser/farmaci,7.9,Farmaci - Københavns Universitet,10.0,41900.0,2.0,56200.0
193,www.ug.dk/uddannelser/bachelorogkandidatuddannelser/bacheloruddannelser/sundhedsvidenskabeligebacheloruddannelser/farmaci,0.0,Farmaci - Syddansk Universitet,9.0,43100.0,0.0,
194,www.ug.dk/uddannelser/bachelorogkandidatuddannelser/bacheloruddannelser/sundhedsvidenskabeligebacheloruddannelser/folkesundhedsvidenskab,9.1,Folkesundhedsvidenskab - Københavns Universitet,8.0,33700.0,0.0,47200.0
195,www.ug.dk/uddannelser/bachelorogkandidatuddannelser/bacheloruddannelser/sundhedsvidenskabeligebacheloruddannelser/folkesundhedsvidenskab,0.0,Folkesundhedsvidenskab - Syddansk Universitet,10.0,32800.0,5.0,44600.0
196,www.ug.dk/uddannelser/bachelorogkandidatuddannelser/bacheloruddannelser/sundhedsvidenskabeligebacheloruddannelser/folkesundhedsvidenskab,8.7,Folkesundhedsvidenskab - Aarhus Universitet,13.0,34900.0,,
197,www.ug.dk/uddannelser/bachelorogkandidatuddannelser/bacheloruddannelser/sundhedsvidenskabeligebacheloruddannelser/kiropraktor,10.0,Kiropraktor - Syddansk Universitet,2.0,40300.0,0.0,45500.0
198,www.ug.dk/uddannelser/bachelorogkandidatuddannelser/bacheloruddannelser/sundhedsvidenskabeligebacheloruddannelser/medicin,10.5,Medicin - Københavns Universitet,3.0,43600.0,0.0,57900.0
199,www.ug.dk/uddannelser/bachelorogkandidatuddannelser/bacheloruddannelser/sundhedsvidenskabeligebacheloruddannelser/medicin,10.3,Medicin - Syddansk Universitet,1.0,44400.0,0.0,60200.0
201,www.ug.dk/uddannelser/bachelorogkandidatuddannelser/bacheloruddannelser/sundhedsvidenskabeligebacheloruddannelser/medicin,10.3,Medicin - Aarhus Universitet,2.0,43000.0,0.0,60000.0
202,www.ug.dk/uddannelser/bachelorogkandidatuddannelser/bacheloruddannelser/sundhedsvidenskabeligebacheloruddannelser/medicin,10.2,Medicin - Aalborg Universitet,2.0,45600.0,,
203,www.ug.dk/uddannelser/bachelorogkandidatuddannelser/bacheloruddannelser/sundhedsvidenskabeligebacheloruddannelser/odontologi,10.0,Odontologi - Københavns Universitet,2.0,48750.0,0.0,58900.0
204,www.ug.dk/uddannelser/bachelorogkandidatuddannelser/bacheloruddannelser/sundhedsvidenskabeligebacheloruddannelser/odontologi,10.3,Odontologi - Aarhus Universitet,2.0,48250.0,0.0,56600.0
205,www.ug.dk/uddannelser/bachelorogkandidatuddannelser/bacheloruddannelser/tekniskvidenskabeligebacheloruddannelser/civilingenioeruddannelser/mekanik,0.0,Mekanik - Aarhus Universitet,10.0,39500.0,,
206,www.ug.dk/uddannelser/bachelorogkandidatuddannelser/bacheloruddannelser/naturvidenskabeligebacheloruddannelser/matematikfysikkemiogdatalogi/datavidenskab-og-machine-learning,0.0,Datavidenskab og machine learning - Aalborg Universitet,,,,
207,www.ug.dk/uddannelser/bachelorogkandidatuddannelser/bacheloruddannelser/humanistiskebacheloruddannelser/oevrigehumaniora/cognitive-science,10.6,Cognitive Science - Aarhus Universitet,,,,
208,www.ug.dk/uddannelser/bachelorogkandidatuddannelser/bacheloruddannelser/tekniskvidenskabeligebacheloruddannelser/civilingenioeruddannelser/electronics,0.0,Electronics - Syddansk Universitet,0.0,38100.0,,
